purchase_id,mooc_id,date,focal_good,good_desc,type,mooc_set,count,price,unit_price,bundle,group,old,new
MOOC10/3.46/271,MOOC10/3.46,17231025,4 stooven,4 stooven,oven,3,4,1.0,0.25,0,0,0,0
MOOC10/3.93/11,MOOC10/3.93,17320412,3 stoven,3 stoven,oven,3,3,1.0,0.33,0,0,0,0
MOOC10/10.43/100,MOOC10/10.43,17710415,5 stooven,5 stooven,oven,10,5,1.0,0.2,0,0,0,0
MOOC10/10.62/170,MOOC10/10.62,17721214,3 vuurstooven,3 vuurstooven,oven,10,3,1.0,0.33,0,0,0,0
MOOC10/11.62/222,MOOC10/11.62,17770220/17770221,1 steen oven,1 steen oven,oven,11,1,1.0,1.0,0,0,0,0
MOOC10/13.28/260,MOOC10/13.28,17810716/17810717,4 houten vuurstoven,4 houten vuurstoven,oven,13,4,1.0,0.25,0,0,0,0
MOOC10/13.37/17,MOOC10/13.37,17811228,2 stoven,"1 mand met bottels, 2 stoven, 2 holle backen, 2 houte lepels en 1 hackebord",oven,13,2,1.0,0.5,1,0,0,0
MOOC10/13.52/35,MOOC10/13.52,17821211,4 houte vuurstoven,2 rakken en 4 houte vuurstoven,oven,13,4,1.0,0.25,1,0,0,0
MOOC10/13.64/4,MOOC10/13.64,17821223,4 vuurstoven,4 vuurstoven en 1 vogelkooij,oven,13,4,1.0,0.25,1,0,0,0
MOOC10/15.12/137,MOOC10/15.12,17860505/17860506,3 stooven,3 stooven,oven,15,3,1.0,0.33,0,0,0,0
MOOC10/15.19/10,MOOC10/15.19,17860901,2 stoven,2 stoven en 2 spugbalijs,oven,15,2,1.0,0.5,1,0,0,0
MOOC10/15.40/36,MOOC10/15.40,17870623,2 stooven,2 stooven,oven,15,2,1.0,0.5,0,0,0,0
MOOC10/16.38/12,MOOC10/16.38,17930530, ¼ schooven,¼ schooven en 1 meelseeft,oven,16,,1.0,-99,1,0,0,0
MOOC10/17.29/479,MOOC10/17.29,17950126/17950128,3 stooven,3 stooven,oven,17,3,1.0,0.33,0,0,0,0
MOOC10/2.31/275,MOOC10/2.31,17211008,2 houte stoven,"2 houte stoven, een bank en een lantaarn",oven,2,2,1.0,0.5,1,0,0,0
MOOC10/21.17/86,MOOC10/21.17,18050808,4 stoven,4 stoven,oven,21,4,1.0,0.25,0,0,0,0
MOOC10/21.64/147,MOOC10/21.64,18060418,2 stooven,1 parthij planken en 2 stooven,oven,21,2,1.0,0.5,1,0,0,0
MOOC10/6.48/100,MOOC10/6.48,17520529/17520530,3 stoven,"3 stoven, 1 kasje en wat romml:",oven,6,3,1.0,0.33,1,0,0,0
MOOC10/6.50/635,MOOC10/6.50,17520523/17520527,3 stooven,3 stooven,oven,6,3,1.0,0.33,0,0,0,0
MOOC10/7.49/116,MOOC10/7.49,17570228,4 stooven,4 stooven,oven,7,4,1.0,0.25,0,0,0,0
MOOC10/8.51/117,MOOC10/8.51,17631210,2 vuurstooven,2 vuurstooven en 1 cop:e tesje,oven,8,2,1.0,0.5,1,0,0,0
MOOC10/8.52/129,MOOC10/8.52,17640330,2 vuurstooven,2 vuurstooven en 2 gordijn roeijen,oven,8,2,1.0,0.5,1,0,0,0
MOOC10/10.80/45,MOOC10/10.80,17730628,4 vuurstooven,4 vuurstooven,oven,10,4,2.0,0.5,0,0,0,0
MOOC10/13.9/377,MOOC10/13.9,17800615/17800616,2 stoven,"1 led: kist, 2 stoven en 1 vuurtesje",oven,13,2,2.0,1.0,1,0,0,0
MOOC10/15.42/183,MOOC10/15.42,17870824/17870825,3 stoven,3 stoven,oven,15,3,2.0,0.67,0,0,0,0
MOOC10/15.86/240,MOOC10/15.86,17890722,2 vuurstoven,2 vuurstoven,oven,15,2,2.0,1.0,0,0,0,0
MOOC10/18.4/35,MOOC10/18.4,17960826/17960827,6 stoven in zoort,6 stoven in zoort,oven,18,6,2.0,0.33,0,0,0,0
MOOC10/20.78/352,MOOC10/20.78,18050702/18050703,2 stoven,2 stoven,oven,20,2,2.0,1.0,0,0,0,0
MOOC10/6.19/580,MOOC10/6.19,17481017/17481019,11 stooven,11 stooven en 4 vuurtesjes,oven,6,11,2.0,0.18,1,0,0,0
MOOC10/7.17/947,MOOC10/7.17,17520327/17520330,6 stooven,6 stooven,oven,7,6,2.0,0.33,0,0,0,0
MOOC10/9.15/601,MOOC10/9.15,17640717/17640720,6 vuurstooven,6 vuurstooven,oven,9,6,2.0,0.33,0,0,0,0
MOOC10/9.44/113,MOOC10/9.44,17680530,4 vuurstoven,4 vuurstoven,oven,9,4,2.0,0.5,0,0,0,0
MOOC10/12.1/259,MOOC10/12.1,17760528/17760530,3 vuurstoven,3 vuurstoven en 1 partij romm:g,oven,12,3,3.0,1.0,1,0,0,0
MOOC10/20.78/353,MOOC10/20.78,18050702/18050703,2 stoven,2 stoven,oven,20,2,3.0,1.5,0,0,0,0
MOOC10/26.31/199,MOOC10/26.31,18111202,3 stooven,3 stooven,oven,26,3,3.0,1.0,0,0,0,0
MOOC10/26.43/12,MOOC10/26.43,18071005,5 stooven,5 stooven en 1 quispedoortje,oven,26,5,3.0,0.6,1,0,0,0
MOOC10/6.32/337,MOOC10/6.32,17520508/17520510,6 stooven,6 stooven,oven,6,6,3.0,0.5,0,0,0,0
MOOC10/14.22/115,MOOC10/14.22,17831110,6 stooven,6 stooven en 1 stoel,oven,14,6,4.0,0.67,1,0,0,0
MOOC10/14.56/11,MOOC10/14.56,17841111,3 vuurstooven,3 vuurstooven,oven,14,3,4.0,1.33,0,0,0,0
MOOC10/20.6_1/2/1141,MOOC10/20.6_1/2,18030620/18030621,5 stoven,5 stoven,oven,20,5,4.0,0.8,0,0,0,0
MOOC10/9.2/325,MOOC10/9.2,17640712/17640713,13 vuur stooven,13 vuur stooven,oven,9,13,4.0,0.31,0,0,0,0
MOOC10/17.13/313,MOOC10/17.13,17940605/17940606,8 vuur stooven,8 vuur stooven,oven,17,8,5.0,0.62,0,0,0,0
MOOC10/20.24/433,MOOC10/20.24,18040628/18040702/18040703,7 stooven,7 stooven,oven,20,7,6.0,0.86,0,0,0,0
MOOC10/17.30/315,MOOC10/17.30,17950326/17950328,8 stoven,8 stoven,oven,17,8,7.0,0.88,0,0,0,0
MOOC10/10.21/41,MOOC10/10.21,17690109/17690110,5 halfaam schooven,5 halfaam schooven met haar hoepels,oven,10,5,8.0,1.6,1,0,0,0
MOOC10/7.42/415,MOOC10/7.42,17551203/17551204,2 stooven,"9 stoelen, 2 stooven en 3 kussens",oven,7,2,8.0,4.0,1,0,0,0
MOOC10/20.41/507,MOOC10/20.41,18041001/18041004,6 stoven,6 stoven,oven,20,6,10.0,1.67,0,0,0,0
MOOC10/6.24/217,MOOC10/6.24,17540114/17540116,1 opgebrooken steenoven,1 opgebrooken steenoven,oven,6,1,45.0,45.0,0,0,1,0
MOOC10/6.52/333,MOOC10/6.52,"17540522, 17540524/17540525",1 aangebroke steenoven,1 aangebroke steenoven,oven,6,1,80.0,80.0,0,0,1,0
MOOC10/15.42/196,MOOC10/15.42,17870824/17870825,1 steen oven,1 steen oven,oven,15,1,100.0,100.0,0,0,0,0
MOOC10/10.47/80,MOOC10/10.47,17711120,3 houte stooven,3 houte stooven,oven,10,3,0.04,0.01,0,0,0,0
MOOC10/13.5/300,MOOC10/13.5,17791227/17791228,2 stoven,2 stoven,oven,13,2,0.04,0.02,0,0,0,0
MOOC10/13.5/301,MOOC10/13.5,17791227/17791228,1 stoven,1 stoven,oven,13,1,0.04,0.04,0,0,0,0
MOOC10/13.18/160,MOOC10/13.18,17810720,2 vuurstoven,2 vuurstoven en 1 bank,oven,13,2,0.04,0.02,1,0,0,0
MOOC10/17.29/475,MOOC10/17.29,17950126/17950128,2 stooven,2 stooven,oven,17,2,0.04,0.02,0,0,0,0
MOOC10/5.43/4,MOOC10/5.43,17440808,3 stooven,1 combuijs tafel en 3 stooven,oven,5,3,1.04,0.35,1,0,0,0
MOOC10/5.74/323,MOOC10/5.74,17470111,2 stooven,1 mand met 2 stooven,oven,5,2,1.04,0.52,1,0,0,0
MOOC10/10.7/259,MOOC10/10.7,17680525,4 vuurstoven,4 vuurstoven,oven,10,4,1.04,0.26,0,0,0,0
MOOC10/10.41/53,MOOC10/10.41,17701229,6 stooven,6 stooven,oven,10,6,1.04,0.17,0,0,0,0
MOOC10/10.50/209,MOOC10/10.50,17711130,3 stooven,3 stooven,oven,10,3,1.04,0.35,0,0,0,0
MOOC10/11.14/33,MOOC10/11.14,17741212,3 vuurstooven,1 botercarn en 3 vuurstooven,oven,11,3,1.04,0.35,1,0,0,0
MOOC10/11.15/100,MOOC10/11.15,17750628,4 stooven,4 stooven,oven,11,4,1.04,0.26,0,0,0,0
MOOC10/12.22/129,MOOC10/12.22,17781026,4 vuurstoven,4 vuurstoven en 4 spugbalijs,oven,12,4,1.04,0.26,1,0,0,0
MOOC10/12.33/153,MOOC10/12.33,17790125/17790126,4 vuurstoven,4 vuurstoven,oven,12,4,1.04,0.26,0,0,0,0
MOOC10/13.19/4,MOOC10/13.19,17810201,4 houte stoven,4 houte stoven en 1 steenepot,oven,13,4,1.04,0.26,1,0,0,0
MOOC10/13.20/5,MOOC10/13.20,17811027,2 houte vuur stoven,2 houte backen en 2 houte vuur stoven,oven,13,2,1.04,0.52,1,0,0,0
MOOC10/14.25/126,MOOC10/14.25,17831120,2 vuurstoven,2 vuurstoven,oven,14,2,1.04,0.52,0,0,0,0
MOOC10/15.37/118,MOOC10/15.37,17870803,5 stooven,5 stooven,oven,15,5,1.04,0.21,0,0,0,0
MOOC10/17.26/154,MOOC10/17.26,17950508,2 stooven,2 stooven,oven,17,2,1.04,0.52,0,0,0,0
MOOC10/17.37/229,MOOC10/17.37,17951218/17951219,2 vuurstooven,2 vuurstooven,oven,17,2,1.04,0.52,0,0,0,0
MOOC10/18.38/20,MOOC10/18.38,17990504,4 stoven,4 stoven,oven,18,4,1.04,0.26,0,0,0,0
MOOC10/20.51/193,MOOC10/20.51,18041203/18041204,4 stoven,4 stoven,oven,20,4,1.04,0.26,0,0,0,0
MOOC10/7.14/12,MOOC10/7.14,17551110,5 stooven,"5 stooven, 1 vogelkooij en 1 leed: kelder",oven,7,5,1.04,0.21,1,0,0,0
MOOC10/7.17/949,MOOC10/7.17,17520327/17520330,6 stooven,6 stooven,oven,7,6,1.04,0.17,0,0,0,0
MOOC10/8.33/13,MOOC10/8.33,17600616,4 stooven,1 gordijnplank en 4 stooven,oven,8,4,1.04,0.26,1,0,0,0
MOOC10/9.28/218,MOOC10/9.28,17660602,2 stooven,2 stooven en 1 schenkbord,oven,9,2,1.04,0.52,1,0,0,0
MOOC10/9.31/395,MOOC10/9.31,17660403,3 stoven,3 stoven,oven,9,3,1.04,0.35,0,0,0,0
MOOC10/9.34/78,MOOC10/9.34,17671215,6 stoven,6 stoven,oven,9,6,1.04,0.17,0,0,0,0
MOOC10/9.49/120,MOOC10/9.49,17680504,3 vuur stoven,3 vuur stoven,oven,9,3,1.04,0.35,0,0,0,0
MOOC10/4.119/602,MOOC10/4.119,17330713,8 stoven,8 stoven,oven,4,8,2.04,0.26,0,0,0,0
MOOC10/5.13/13,MOOC10/5.13,17380714,3 stoven,"1 graaf, 1 bijl en 3 stoven",oven,5,3,2.04,0.68,1,0,0,0
MOOC10/5.63/278,MOOC10/5.63,17410420,8 stoven,8 stoven,oven,5,8,2.04,0.26,0,0,0,0
MOOC10/10.42/198,MOOC10/10.42,17701101,3 stooven,3 stooven,oven,10,3,2.04,0.68,0,0,0,0
MOOC10/11.28/261,MOOC10/11.28,17750328/17750329,2 stoven,"1 pijperak, 1 cijfferleij en 2 stoven",oven,11,2,2.04,1.02,1,0,0,0
MOOC10/14.26/20,MOOC10/14.26,17831129,5 vuurstoven,5 vuurstoven,oven,14,5,2.04,0.41,0,0,0,0
MOOC10/15.11/116,MOOC10/15.11,17860317,5 houte stooven,5 houte stooven,oven,15,5,2.04,0.41,0,0,0,0
MOOC10/24.19/36,MOOC10/24.19,18080204,2 stooven,2 stooven,oven,24,2,2.04,1.02,0,0,0,0
MOOC10/6.34/40,MOOC10/6.34,17491223/17491224,6 stooven,6 stooven,oven,6,6,2.04,0.34,0,0,0,0
MOOC10/8.14/240,MOOC10/8.14,17580116/17580117,4 vuur stoven,4 vuur stoven,oven,8,4,2.04,0.51,0,0,0,0
MOOC10/11.44/60,MOOC10/11.44,17760925/17760926,2 vuurstooven,2 vuurstooven,oven,11,2,3.04,1.52,0,0,0,0
MOOC10/13.54/125,MOOC10/13.54,17820816/17820817,10 houte stooven,10 houte stooven,oven,13,10,3.04,0.3,0,0,0,0
MOOC10/16.28/212,MOOC10/16.28,17920614,3 stooven,3 stooven en 1 copere keetel met zijn drievoet,oven,16,3,3.04,1.01,1,0,0,0
MOOC10/16.37/52,MOOC10/16.37,17940125,6 stooven,6 stooven,oven,16,6,3.04,0.51,0,0,0,0
MOOC10/17.51/378,MOOC10/17.51,17960523/17960524,3 vuurstooven,3 vuurstooven,oven,17,3,3.04,1.01,0,0,0,0
MOOC10/23.37/23,MOOC10/23.37,18090512,5 stooven,5 stooven en 1 pijpenrak,oven,23,5,3.04,0.61,1,0,0,0
MOOC10/12.38/466,MOOC10/12.38,17790816/17790817,8 vuurstoven,8 vuurstoven met haar testjes,oven,12,8,4.04,0.51,1,0,0,0
MOOC10/16.17/39,MOOC10/16.17,17901011,8 stooven,8 stooven,oven,16,8,4.04,0.51,0,0,0,0
MOOC10/15.83/21,MOOC10/15.83,17890418,6 houte stooven,6 houte stooven,oven,15,6,5.04,0.84,0,0,0,0
MOOC10/12.41/189,MOOC10/12.41,17790917,2 vuurstoven,6 stoelen en 2 vuurstoven,oven,12,2,6.04,3.02,1,0,0,0
MOOC10/7.3/128,MOOC10/7.3,17560908,7 stooven,7 stooven,oven,7,7,7.04,1.01,0,0,0,0
MOOC10/6.60/25,MOOC10/6.60,17561026,7 aams schoven,7 aams schoven,oven,6,7,8.04,1.15,0,0,0,0
MOOC10/8.26/49,MOOC10/8.26,17610731,1 steenoven,1 steenoven,oven,8,1,10.04,10.04,0,0,0,0
MOOC10/8.32/112,MOOC10/8.32,17611031,1 steen oven,1 steen oven,oven,8,1,10.04,10.04,0,0,0,0
MOOC10/10.21/347,MOOC10/10.21,17690109/17690110,1 steenoven,1 steenoven van 12000 steen,oven,10,1,200.04,200.04,1,0,0,0
MOOC10/4.156/46,MOOC10/4.156,17360317,1 oven,1 oven van c:a 5 monden metselstenen,oven,4,1,234.04,234.04,1,0,0,0
MOOC10/3.37/6,MOOC10/3.37,17260215,2 stooven,"2 stooven, 1 doosje en wat rommeling",oven,3,2,0.08,0.04,1,0,0,0
MOOC10/10.18/337,MOOC10/10.18,17700314,3 stooven,3 stooven,oven,10,3,0.08,0.03,0,0,0,0
MOOC10/10.83/261,MOOC10/10.83,17730222,3 stoven,3 stoven en 2 spugbalijs,oven,10,3,0.08,0.03,1,0,0,0
MOOC10/11.60/334,MOOC10/11.60,17750220/17750221,2 vuurstoven,2 vuurstoven,oven,11,2,0.08,0.04,0,0,0,0
MOOC10/12.27/35,MOOC10/12.27,"17790512, 17790514",7 houte vuurstoven,7 houte vuurstoven,oven,12,7,0.08,0.01,0,0,0,0
MOOC10/14.16/151,MOOC10/14.16,17830115/17830116,1 parthij schoven,1 parthij schoven,oven,14,1,0.08,0.08,0,1,0,0
MOOC10/14.63/49,MOOC10/14.63,17850506/17850507,2 vuurstoven,2 vuurstoven,oven,14,2,0.08,0.04,0,0,0,0
MOOC10/15.13/29,MOOC10/15.13,17860519,5 vuurstoven,5 vuurstoven,oven,15,5,0.08,0.02,0,0,0,0
MOOC10/15.39/71,MOOC10/15.39,17870622,2 vuurstoven,2 vuurstoven,oven,15,2,0.08,0.04,0,0,0,0
MOOC10/15.80_1/2/381,MOOC10/15.80_1/2,17890223,2 stoven,2 stoven,oven,15,2,0.08,0.04,0,0,0,0
MOOC10/17.41/71,MOOC10/17.41,17960618,2 stooven,2 stooven,oven,17,2,0.08,0.04,0,0,0,0
MOOC10/21.11/140,MOOC10/21.11,18060221,3 stooven,3 stooven en wat romm:,oven,21,3,0.08,0.03,1,0,0,0
MOOC10/9.20/2,MOOC10/9.20,17670427,3 stoven,3 stoven,oven,9,3,0.08,0.03,0,0,0,0
MOOC10/3.46/115,MOOC10/3.46,17231025,4 schooven duijgen,4 schooven duijgen,oven,3,4,1.08,0.27,0,0,0,0
MOOC10/10.11/23,MOOC10/10.11,17680201,1 parthij oven gereedschap,1 parthij oven gereedschap,oven,10,1,1.08,1.08,0,1,0,0
MOOC10/10.34/233,MOOC10/10.34,17710819,4 stooven,4 stooven,oven,10,4,1.08,0.27,0,0,0,0
MOOC10/11.46/30,MOOC10/11.46,17761023,4 vuurstooven,4 vuurstooven,oven,11,4,1.08,0.27,0,0,0,0
MOOC10/11.46/31,MOOC10/11.46,17761023,4 vuurstooven,4 vuurstooven,oven,11,4,1.08,0.27,0,0,0,0
MOOC10/14.48/50,MOOC10/14.48,17840406,4 stoven,4 stoven en 1 led: castje,oven,14,4,1.08,0.27,1,0,0,0
MOOC10/14.55/84,MOOC10/14.55,17841027,2 houte vuurstoven,2 houte vuurstoven en 1 stoffer,oven,14,2,1.08,0.54,1,0,0,0
MOOC10/15.24/549,MOOC10/15.24,17861228/17861230,3 vuurstoven,3 vuurstoven,oven,15,3,1.08,0.36,0,0,0,0
MOOC10/15.62/319,MOOC10/15.62,17880630/17880701,2 vuurstoven,2 vuurstoven,oven,15,2,1.08,0.54,0,0,0,0
MOOC10/16.46/214,MOOC10/16.46,17890714/17890715,2 stoven,2 stoven,oven,16,2,1.08,0.54,0,0,0,0
MOOC10/17.63_1/2/156,MOOC10/17.63_1/2,17970227/17970128,6 stooven,6 stooven,oven,17,6,1.08,0.18,0,0,0,0
MOOC10/5.58_1/2/29,MOOC10/5.58_1/2,17431212,3 stooven,1 stelletje met 3 stooven,oven,5,3,2.08,0.69,1,0,0,0
MOOC10/16.36/638,MOOC10/16.36,17940219/17940221,8 stooven,8 stooven,oven,16,8,2.08,0.26,0,0,0,0
MOOC10/19.45/971,MOOC10/19.45,18020712,3 stoven,3 stoven,oven,19,3,2.08,0.69,0,0,0,0
MOOC10/20.22/188,MOOC10/20.22,18040511,3 stooven,3 stooven en 1 rolstok,oven,20,3,2.08,0.69,1,0,0,0
MOOC10/26.11/10,MOOC10/26.11,18120914,3 stooven,3 stooven,oven,26,3,2.08,0.69,0,0,0,0
MOOC10/6.12/211,MOOC10/6.12,17510604,6 stooven,6 stooven,oven,6,6,2.08,0.35,0,0,0,0
MOOC10/4.110/360,MOOC10/4.110,17330617,6 stoven,6 stoven,oven,4,6,3.08,0.51,0,0,0,0
MOOC10/11.5/1129,MOOC10/11.5,17730329/17730330 17730401/17730402,12 vuurstooven,12 vuurstooven,oven,11,12,3.08,0.26,0,0,0,0
MOOC10/11.62/170,MOOC10/11.62,17770220/17770221,1 steen oven,1 steen oven,oven,11,1,3.08,3.08,0,0,0,0
MOOC10/17.15/185,MOOC10/17.15,17940327/17940329,12 stoven in zoort,12 stoven in zoort,oven,17,12,3.08,0.26,0,0,0,0
MOOC10/22.55/26,MOOC10/22.55,18071005,6 stooven,6 stooven,oven,22,6,3.08,0.51,0,0,0,0
MOOC10/7.22/233,MOOC10/7.22,17560428/17560430,6 stoven,6 stoven,oven,7,6,3.08,0.51,0,0,0,0
MOOC10/10.22/2170,MOOC10/10.22,17690123/17690130,8 vuurstooven,8 vuurstooven,oven,10,8,5.08,0.64,0,0,0,0
MOOC10/10.21/43,MOOC10/10.21,17690109/17690110,5 halfaam schooven,5 halfaam schooven met haar hoepels,oven,10,5,8.08,1.62,1,0,0,0
MOOC10/3.59/59,MOOC10/3.59,17260425,2 stoven,2 stoven,oven,3,2,0.12,0.06,0,0,0,0
MOOC10/5.72/199,MOOC10/5.72,17451210,2 stooven,2 stooven,oven,5,2,0.12,0.06,0,0,0,0
MOOC10/12.11/9,MOOC10/12.11,17770911,2 vuurstooven,1 balijtje en 2 vuurstooven,oven,12,2,0.12,0.06,1,0,0,0
MOOC10/12.39/30,MOOC10/12.39,17780810/17780811,4 vuurstoven,4 vuurstoven,oven,12,4,0.12,0.03,0,0,0,0
MOOC10/13.65/1,MOOC10/13.65,17820504,2 stoven,"2 stoven, 2 robpenvellen, 2 taatjes en 1 stebel knegt",oven,13,2,0.12,0.06,1,0,0,0
MOOC10/15.21/17,MOOC10/15.21,17861201,2 stooven,1 parthij drievoeten en 2 stooven,oven,15,2,0.12,0.06,1,0,0,0
MOOC10/15.28/46,MOOC10/15.28,17870223,3 stooven,3 stooven,oven,15,3,0.12,0.04,0,0,0,0
MOOC10/15.31/136,MOOC10/15.31,17870706,1 parthij stoven,1 parthij stoven,oven,15,1,0.12,0.12,0,1,0,0
MOOC10/16.61/38,MOOC10/16.61,17930215,4 vuurstoven,1 bank en 4 vuurstoven,oven,16,4,0.12,0.03,1,0,0,0
MOOC10/19.8/178,MOOC10/19.8,17990620/17990621,3 stooven,3 stooven,oven,19,3,0.12,0.04,0,0,0,0
MOOC10/22.30/147,MOOC10/22.30,18060224/18060225,2 stooven,2 stooven,oven,22,2,0.12,0.06,0,0,0,0
MOOC10/22.66/408,MOOC10/22.66,18060218/18060219,3 stoven,3 stoven,oven,22,3,0.12,0.04,0,0,0,0
MOOC10/8.35/2,MOOC10/8.35,17620504/17620506,2 stooven,2 stooven,oven,8,2,0.12,0.06,0,0,0,0
MOOC10/9.36/50,MOOC10/9.36,17681128,1 parthij oven gereedschap,1 bakkist en 1 parthij oven gereedschap,oven,9,1,0.12,0.12,1,1,0,0
MOOC10/3.59/58,MOOC10/3.59,17260425,2 stoven,2 stoven,oven,3,2,1.12,0.56,0,0,0,0
MOOC10/4.113/189,MOOC10/4.113,17330527,5 stoven,5 stoven en 1 lode tabakxdoos,oven,4,5,1.12,0.22,1,0,0,0
MOOC10/5.76/258,MOOC10/5.76,17470410,3 stooven,"3 stooven, 1 lepelrak en 1 peperdoos",oven,5,3,1.12,0.37,1,0,0,0
MOOC10/10.2/486,MOOC10/10.2,17680411/17680414, oven gereedschap,1 bakkist en oven gereedschap,oven,10,,1.12,-99,1,0,0,0
MOOC10/10.22/2171,MOOC10/10.22,17690123/17690130,5 vuurstooven,5 vuurstooven,oven,10,5,1.12,0.22,0,0,0,0
MOOC10/11.49/15,MOOC10/11.49,17761206,4 stooven,4 stooven,oven,11,4,1.12,0.28,0,0,0,0
MOOC10/11.62/267,MOOC10/11.62,17770220/17770221,6 vuurstoven,6 vuurstoven,oven,11,6,1.12,0.19,0,0,0,0
MOOC10/13.31/68,MOOC10/13.31,17810313,2 stooven,2 stooven,oven,13,2,1.12,0.56,0,0,0,0
MOOC10/15.50/325,MOOC10/15.50,17870821/17870822,3 houte stooven,3 houte stooven,oven,15,3,1.12,0.37,0,0,0,0
MOOC10/16.39/454,MOOC10/16.39,17931028/17931029,3 houte stooven,3 houte stooven,oven,16,3,1.12,0.37,0,0,0,0
MOOC10/16.52/233,MOOC10/16.52,17911010/17911011,1 houte vuurstooven,1 houte vuurstooven,oven,16,1,1.12,1.12,0,0,0,0
MOOC10/2.34/75,MOOC10/2.34,17211128,3 stoven,1 party rommeling met 3 stoven,oven,2,3,1.12,0.37,1,0,0,0
MOOC10/24.19/37,MOOC10/24.19,18080204,4 stooven,4 stooven,oven,24,4,1.12,0.28,0,0,0,0
MOOC10/6.10/255,MOOC10/6.10,17490819/17490820,6 stooven,6 stooven,oven,6,6,1.12,0.19,0,0,0,0
MOOC10/7.17/948,MOOC10/7.17,17520327/17520330,6 stooven,6 stooven,oven,7,6,1.12,0.19,0,0,0,0
MOOC10/8.37/106,MOOC10/8.37,17630719,2 vuurstooven,"1 caarsekrans, 2 vuurstooven en 3 spuutbaletjes",oven,8,2,1.12,0.56,1,0,0,0
MOOC10/9.19/30,MOOC10/9.19,17661202,5 stooven,5 stooven,oven,9,5,1.12,0.22,0,0,0,0
MOOC10/11.7/252,MOOC10/11.7,17741004,8 vuurstoven,8 vuurstoven,oven,11,8,2.12,0.27,0,0,0,0
MOOC10/15.24/550,MOOC10/15.24,17861228/17861230,6 vuurstoven,6 vuurstoven,oven,15,6,2.12,0.35,0,0,0,0
MOOC10/15.65/59,MOOC10/15.65,17880818/17880819,7 houte vuurstoven,7 houte vuurstoven,oven,15,7,2.12,0.3,0,0,0,0
MOOC10/17.25/226,MOOC10/17.25,17951030/17951031,6 stoven,6 stoven,oven,17,6,2.12,0.35,0,0,0,0
MOOC10/9.15/600,MOOC10/9.15,17640717/17640720,6 vuurstooven,6 vuurstooven,oven,9,6,2.12,0.35,0,0,0,0
MOOC10/19.11/430,MOOC10/19.11,18000505/18000506,6 vuurstoven,6 vuurstoven,oven,19,6,3.12,0.52,0,0,0,0
MOOC10/9.15/33,MOOC10/9.15,17640717/17640720,1 ovenschraaper,"2 vuurtangen, 1 asschop, 2 bijlen, 1 ovenschraaper, 1 vleeschvork",oven,9,1,3.12,3.12,1,0,0,0
MOOC10/10.21/40,MOOC10/10.21,17690109/17690110,6 halfaam schooven,6 halfaam schooven met haar hoepels,oven,10,6,8.12,1.35,1,0,0,0
MOOC10/8.43/34,MOOC10/8.43,17611026/17611028,1 oven,1 ijsere deur tot een oven,oven,8,1,8.12,8.12,1,0,0,0
MOOC10/11.65/118,MOOC10/11.65,17770606,2 stoven,11 stoelen en 2 stoven,oven,11,2,11.12,5.56,1,0,0,0
MOOC10/4.133/33,MOOC10/4.133,17370429,1 steenoven,1 steenoven van 4 monden,oven,4,1,133.12,133.12,1,0,0,0
MOOC10/3.62/129,MOOC10/3.62,17250205,3 stooven,3 stooven,oven,3,3,0.15,0.05,0,0,0,0
MOOC10/10.40/123,MOOC10/10.40,17701217,2 stooven,"2 stooven, 1 rooster, 1 tang en 1 drievoet",oven,10,2,0.15,0.07,1,0,0,0
MOOC10/13.30/26,MOOC10/13.30,17810119,2 stoven,2 stoven en voorts wat romm:g in soort,oven,13,2,0.15,0.07,1,0,0,0
MOOC10/13.58/44,MOOC10/13.58,17820427,3 houte stoven,3 houte stoven,oven,13,3,0.15,0.05,0,0,0,0
MOOC10/16.8/101,MOOC10/16.8,17910218,2 vuurstoven,2 vuurstoven,oven,16,2,0.15,0.07,0,0,0,0
MOOC10/17.60/7,MOOC10/17.60,17960319,3 oude stoven,1 hakke bord en drie oude stoven,oven,17,3,0.15,0.05,1,0,1,0
MOOC10/20.88/60,MOOC10/20.88,18050126,2 stoven,2 stoven,oven,20,2,0.15,0.07,0,0,0,0
MOOC10/21.36/5,MOOC10/21.36,18060414,4 stooven,4 stooven,oven,21,4,0.15,0.04,0,0,0,0
MOOC10/8.34/170,MOOC10/8.34,17611006,2 stooven,2 stooven,oven,8,2,0.15,0.07,0,0,0,0
MOOC10/9.49/119,MOOC10/9.49,17680504,4 vuur stoven,4 vuur stoven,oven,9,4,0.15,0.04,0,0,0,0
MOOC10/3.46/114,MOOC10/3.46,17231025,4 schooven duijgen,4 schooven duijgen,oven,3,4,1.15,0.29,0,0,0,0
MOOC10/4.162/45,MOOC10/4.162,17370122,2 stoven,"1 hakbort, 1 kapmes en 2 stoven",oven,4,2,1.15,0.57,1,0,0,0
MOOC10/5.75/264,MOOC10/5.75,17470220,3 stooven,3 stooven,oven,5,3,1.15,0.38,0,0,0,0
MOOC10/11.33/12,MOOC10/11.33,17760731,4 vuurstoven,4 vuurstoven,oven,11,4,1.15,0.29,0,0,0,0
MOOC10/11.44/59,MOOC10/11.44,17760925/17760926,5 vuurstooven,5 vuurstooven,oven,11,5,1.15,0.23,0,0,0,0
MOOC10/12.43/34,MOOC10/12.43,17791116,1 vuurstoven,1 vuurstoven en 1 blicke nagtblaker,oven,12,1,1.15,1.15,1,0,0,0
MOOC10/14.17/232,MOOC10/14.17,17830606/17830607,4 houte vuurstoven,4 houte vuurstoven,oven,14,4,1.15,0.29,0,0,0,0
MOOC10/15.9/279,MOOC10/15.9,17851209/17851210,3 stooven,3 stooven,oven,15,3,1.15,0.38,0,0,0,0
MOOC10/16.11/408,MOOC10/16.11,17900401/17900403,4 stoven,4 stoven,oven,16,4,1.15,0.29,0,0,0,0
MOOC10/16.52/231,MOOC10/16.52,17911010/17911011,2 houte vuurstooven,2 houte vuurstooven,oven,16,2,1.15,0.57,0,0,0,0
MOOC10/17.29/476,MOOC10/17.29,17950126/17950128,2 stooven,2 stooven,oven,17,2,1.15,0.57,0,0,0,0
MOOC10/17.62/151,MOOC10/17.62,17960422/17960423,3 stoven in zoort,3 stoven in zoort,oven,17,3,1.15,0.38,0,0,0,0
MOOC10/20.55/285,MOOC10/20.55,18050718/18050719,3 stoven,3 stoven,oven,20,3,1.15,0.38,0,0,0,0
MOOC10/6.41/801,MOOC10/6.41,"17520323/17520325, 17520327",6 stooven,6 stooven,oven,6,6,1.15,0.19,0,0,0,0
MOOC10/9.13/213,MOOC10/9.13,17641006,2 vuurstooven,2 vuurstooven,oven,9,2,1.15,0.57,0,0,0,0
MOOC10/9.15/602,MOOC10/9.15,17640717/17640720,1 vuurstooven,1 vuurstooven,oven,9,1,1.15,1.15,0,0,0,0
MOOC10/9.23/194,MOOC10/9.23,17670828,7 vuurstooven,7 vuurstooven,oven,9,7,1.15,0.16,0,0,0,0
MOOC10/9.61/210,MOOC10/9.61,17690227,6 vuurstoven,6 vuurstoven,oven,9,6,1.15,0.19,0,0,0,0
MOOC10/3.67/104,MOOC10/3.67,17240531,4 stooven,4 stooven met 1 schrijfleij en wat rommelingh,oven,3,4,2.15,0.54,1,0,0,0
MOOC10/14.10/252,MOOC10/14.10,17830519/17830510/17830521,5 stooven,5 stooven,oven,14,5,2.15,0.43,0,0,0,0
MOOC10/14.11/15,MOOC10/14.11,17830324/17830325,5 houte vuurstoven,5 houte vuurstoven,oven,14,5,2.15,0.43,0,0,0,0
MOOC10/14.11/16,MOOC10/14.11,17830324/17830325,4 houte vuurstoven,4 houte vuurstoven,oven,14,4,2.15,0.54,0,0,0,0
MOOC10/18.74/248,MOOC10/18.74,18000505,4 vuur stoven,4 vuur stoven,oven,18,4,2.15,0.54,0,0,0,0
MOOC10/20.48/332,MOOC10/20.48,18050325/18050326,6 stoven,6 stoven,oven,20,6,2.15,0.36,0,0,0,0
MOOC10/6.33/942,MOOC10/6.33,17480823/17480824|17480902/17480905|17480921,6 stooven,6 stooven,oven,6,6,2.15,0.36,0,0,0,0
MOOC10/6.33/943,MOOC10/6.33,17480823/17480824|17480902/17480905|17480921,6 stooven,6 stooven,oven,6,6,2.15,0.36,0,0,0,0
MOOC10/7.22/232,MOOC10/7.22,17560428/17560430,6 stoven,6 stoven,oven,7,6,2.15,0.36,0,0,0,0
MOOC10/8.14/244,MOOC10/8.14,17580116/17580117,5 vuur stoven,5 vuur stoven,oven,8,5,2.15,0.43,0,0,0,0
MOOC10/18.64/248,MOOC10/18.64,17990816/17990817,5 stooven,5 stooven,oven,18,5,4.15,0.83,0,0,0,0
MOOC10/24.33/104,MOOC10/24.33,18100810/18100811,5 stooven,5 stooven,oven,24,5,5.15,1.03,0,0,0,0
MOOC10/19.45/784,MOOC10/19.45,18020712,4 stoven,4 stoven,oven,19,4,13.15,3.29,0,0,0,0
MOOC10/3.98/61,MOOC10/3.98,17310820,2 stooven,2 stooven,oven,3,2,0.19,0.1,0,0,0,0
MOOC10/5.65/14,MOOC10/5.65,17451109,2 stooven,"1 kapstok, 2 ophaal gordynen en 2 stooven",oven,5,2,0.19,0.1,1,0,0,0
MOOC10/10.39/251,MOOC10/10.39,17710605,2 stooven,2 stooven,oven,10,2,0.19,0.1,0,0,0,0
MOOC10/10.53/68,MOOC10/10.53,17720302,3 stooven,3 stooven,oven,10,3,0.19,0.06,0,0,0,0
MOOC10/10.74/26,MOOC10/10.74,17730111,2 stooven,2 stooven,oven,10,2,0.19,0.1,0,0,0,0
MOOC10/10.79/163,MOOC10/10.79,17721130,4 stooven,4 stooven en 1 ell:,oven,10,4,0.19,0.05,1,0,0,0
MOOC10/11.16/236,MOOC10/11.16,17750515,2 stooven,2 stooven,oven,11,2,0.19,0.1,0,0,0,0
MOOC10/11.64/239,MOOC10/11.64,17761202,2 stooven,2 stooven,oven,11,2,0.19,0.1,0,0,0,0
MOOC10/13.15/20,MOOC10/13.15,17810410,3 stooven,"1 vuurmand, 3 stooven en wat romm:g",oven,13,3,0.19,0.06,1,0,0,0
MOOC10/15.10/2,MOOC10/15.10,17860310,3 houte stoven,3 houte stoven en 1 casje,oven,15,3,0.19,0.06,1,0,0,0
MOOC10/15.29/170,MOOC10/15.29,17870427,2 stooven,2 stooven,oven,15,2,0.19,0.1,0,0,0,0
MOOC10/15.78/235,MOOC10/15.78,17890116,3 stooven,3 stooven,oven,15,3,0.19,0.06,0,0,0,0
MOOC10/15.96/137,MOOC10/15.96,17901230,4 houte stoven,4 houte stoven,oven,15,4,0.19,0.05,0,0,0,0
MOOC10/2.5/163,MOOC10/2.5,17180822,2 stooven,2 stooven,oven,2,2,0.19,0.1,0,0,0,0
MOOC10/21.15/192,MOOC10/21.15,18050910,3 stoven,3 stoven,oven,21,3,0.19,0.06,0,0,0,0
MOOC10/6.33/187,MOOC10/6.33,17480823/17480824|17480902/17480905|17480921,5 stooven,5 stooven,oven,6,5,0.19,0.04,0,0,0,0
MOOC10/6.50/903,MOOC10/6.50,17520523/17520527,2 stooven,2 stooven,oven,6,2,0.19,0.1,0,0,0,0
MOOC10/7.46/127,MOOC10/7.46,17561016,2 stooven,2 stooven,oven,7,2,0.19,0.1,0,0,0,0
MOOC10/9.14/398,MOOC10/9.14,17651104/17651105,2 stooven,2 stooven en een pot,oven,9,2,0.19,0.1,1,0,0,0
MOOC10/9.30/4,MOOC10/9.30,17671026,3 stoven,3 stoven,oven,9,3,0.19,0.06,0,0,0,0
MOOC10/9.42/7,MOOC10/9.42,17691113,2 vuurstooven,2 vuurstooven en 3 houte bakken,oven,9,2,0.19,0.1,1,0,0,0
MOOC10/3.96/10,MOOC10/3.96,17310905,1 partij stoven,1 partij stoven,oven,3,1,1.19,1.19,0,1,0,0
MOOC10/4.137/7,MOOC10/4.137,17341220,2 stoven,2 stoven en 1 kopere raspje,oven,4,2,1.19,0.59,1,0,0,0
MOOC10/5.70/212,MOOC10/5.70,17460224,3 stooven,3 stooven en 1 baletje,oven,5,3,1.19,0.4,1,0,0,0
MOOC10/11.59/21,MOOC10/11.59,17750626,5 vuurstoven,5 vuurstoven,oven,11,5,1.19,0.24,0,0,0,0
MOOC10/15.42/182,MOOC10/15.42,17870824/17870825,4 stoven,4 stoven,oven,15,4,1.19,0.3,0,0,0,0
MOOC10/15.50/326,MOOC10/15.50,17870821/17870822,3 houte stooven,3 houte stooven,oven,15,3,1.19,0.4,0,0,0,0
MOOC10/15.103/170,MOOC10/15.103,17890914,2 stoven,2 stoven,oven,15,2,1.19,0.59,0,0,0,0
MOOC10/16.52/230,MOOC10/16.52,17911010/17911011,2 houte vuurstooven,2 houte vuurstooven,oven,16,2,1.19,0.59,0,0,0,0
MOOC10/17.17/4,MOOC10/17.17,17940301,3 houte vuurstooven,3 houte vuurstooven,oven,17,3,1.19,0.4,0,0,0,0
MOOC10/8.14/239,MOOC10/8.14,17580116/17580117,4 vuur stoven,4 vuur stoven,oven,8,4,1.19,0.3,0,0,0,0
MOOC10/8.42/129,MOOC10/8.42,17630117,4 vuur stooven,4 vuur stooven,oven,8,4,1.19,0.3,0,0,0,0
MOOC10/8.43/136,MOOC10/8.43,17611026/17611028,5 stooven,5 stooven,oven,8,5,1.19,0.24,0,0,0,0
MOOC10/9.11/221,MOOC10/9.11,17660127,5 vuurstoven,5 vuurstoven,oven,9,5,1.19,0.24,0,0,0,0
MOOC10/14.10/251,MOOC10/14.10,17830519/17830510/17830521,5 stooven,5 stooven,oven,14,5,2.19,0.44,0,0,0,0
MOOC10/16.52/229,MOOC10/16.52,17911010/17911011,2 houte vuurstooven,2 houte vuurstooven,oven,16,2,2.19,1.09,0,0,0,0
MOOC10/17.14/71,MOOC10/17.14,17940920,5 stooven,5 stooven,oven,17,5,2.19,0.44,0,0,0,0
MOOC10/17.66/20,MOOC10/17.66,17970930,4 stoven,4 stoven,oven,17,4,2.19,0.55,0,0,0,0
MOOC10/9.10/52,MOOC10/9.10,17660226,8 vuurstooven,8 vuurstooven,oven,9,8,2.19,0.27,0,0,0,0
MOOC10/7.22/234,MOOC10/7.22,17560428/17560430,8 stoven,8 stoven,oven,7,8,3.19,0.4,0,0,0,0
MOOC10/21.37/275,MOOC10/21.37,18041106/18041108,1 ovenstok,1 bakkist en 1 ovenstok,oven,21,1,7.19,7.19,1,0,0,0
MOOC10/8.49/472,MOOC10/8.49,17620329/17620330,2 stooven,6 stoelen en 2 stooven,oven,8,2,9.19,4.59,1,0,0,0
MOOC10/3.70/81,MOOC10/3.70,17270628,2 stoven,2 stoven met 1 slijpbort en 1 hakbort,oven,3,2,0.23,0.12,1,0,0,0
MOOC10/5.44/30,MOOC10/5.44,17441014,3 stooven,3 stooven,oven,5,3,0.23,0.08,0,0,0,0
MOOC10/10.63/129,MOOC10/10.63,17721223,5 vuurstooven,5 vuurstooven,oven,10,5,0.23,0.05,0,0,0,0
MOOC10/10.64/28,MOOC10/10.64,17730215,7 vuurstooven,7 vuurstooven,oven,10,7,0.23,0.03,0,0,0,0
MOOC10/11.16/235,MOOC10/11.16,17750515,2 stooven,2 stooven,oven,11,2,0.23,0.12,0,0,0,0
MOOC10/12.35/93,MOOC10/12.35,17790322,5 vuurstoven,5 vuurstoven,oven,12,5,0.23,0.05,0,0,0,0
MOOC10/13.43/19,MOOC10/13.43,17820109,3 stooven,3 stooven,oven,13,3,0.23,0.08,0,0,0,0
MOOC10/15.11/117,MOOC10/15.11,17860317,1 houte stooven,1 houte stooven,oven,15,1,0.23,0.23,0,0,0,0
MOOC10/15.50/523,MOOC10/15.50,17870821/17870822,2 houte stooven,2 houte stooven en 1 capmes,oven,15,2,0.23,0.12,1,0,0,0
MOOC10/15.95/137,MOOC10/15.95,17900630,4 voet stooven,4 voet stooven,oven,15,4,0.23,0.06,0,0,0,0
MOOC10/16.37/51,MOOC10/16.37,17940125,3 stooven,1 knaap en 3 stooven,oven,16,3,0.23,0.08,1,0,0,0
MOOC10/17.45_1/2/191,MOOC10/17.45_1/2,17960328,3 stooven,3 stooven,oven,17,3,0.23,0.08,0,0,0,0
MOOC10/18.64/254,MOOC10/18.64,17990816/17990817,3 stooven,3 stooven,oven,18,3,0.23,0.08,0,0,0,0
MOOC10/2.33/342,MOOC10/2.33,17211023,3 stoven,1 slonsje met 3 stoven,oven,2,3,0.23,0.08,1,0,0,0
MOOC10/20.57/20,MOOC10/20.57,18050112,2 stoven,3 spuw balijs en 2 stoven,oven,20,2,0.23,0.12,1,0,0,0
MOOC10/21.9/51,MOOC10/21.9,18041201,3 stooven,3 stooven,oven,21,3,0.23,0.08,0,0,0,0
MOOC10/22.34/390,MOOC10/22.34,18070608/18070611,5 stooven,5 stooven,oven,22,5,0.23,0.05,0,0,0,0
MOOC10/6.7/225,MOOC10/6.7,17520602,2 stooven,2 stooven,oven,6,2,0.23,0.12,0,0,0,0
MOOC10/6.28/15,MOOC10/6.28,17520509,4 stooven,4 stooven met 1 parthij rommeling,oven,6,4,0.23,0.06,1,0,0,0
MOOC10/6.41/802,MOOC10/6.41,"17520323/17520325, 17520327",5 stooven,5 stooven,oven,6,5,0.23,0.05,0,0,0,0
MOOC10/7.15/180,MOOC10/7.15,17551020,2 stooven,2 stooven,oven,7,2,0.23,0.12,0,0,0,0
MOOC10/9.48/24,MOOC10/9.48,17680604,5 stooven,5 stooven,oven,9,5,0.23,0.05,0,0,0,0
MOOC10/9.62/129,MOOC10/9.62,17681123,4 stooven,4 stooven,oven,9,4,0.23,0.06,0,0,0,0
MOOC10/4.124/206,MOOC10/4.124,17340615,2 stoven,2 lepels met 1 schotelrak en 2 stoven,oven,4,2,1.23,0.61,1,0,0,0
MOOC10/10.79/164,MOOC10/10.79,17721130,4 stooven,4 stooven en 2 guerridons,oven,10,4,1.23,0.31,1,0,0,0
MOOC10/11.47/461,MOOC10/11.47,17761107/17761108,2 vuurstooven,1 pijperak en 2 vuurstooven,oven,11,2,1.23,0.61,1,0,0,0
MOOC10/12.36/184,MOOC10/12.36,17790506,2 vuurstoven,"2 vuurstoven, 1 balijtje en 2 witquasten",oven,12,2,1.23,0.61,1,0,0,0
MOOC10/15.79/10,MOOC10/15.79,17890203,6 houte vuurstooven,6 houte vuurstooven,oven,15,6,1.23,0.2,0,0,0,0
MOOC10/17.67_1/2/46,MOOC10/17.67_1/2,17970708,2 stooven,2 stooven en 4 balies,oven,17,2,1.23,0.61,1,0,0,0
MOOC10/20.82/116,MOOC10/20.82,18030521,3 stoven,3 stoven,oven,20,3,1.23,0.41,0,0,0,0
MOOC10/6.33/944,MOOC10/6.33,17480823/17480824|17480902/17480905|17480921,6 stooven,6 stooven,oven,6,6,1.23,0.2,0,0,0,0
MOOC10/8.4/10,MOOC10/8.4,17590723,2 stooven,2 baletjes en 2 stooven,oven,8,2,1.23,0.61,1,0,0,0
MOOC10/5.20/457,MOOC10/5.20,17380324,7 stoven,7 stoven en 2 spoeg balijs,oven,5,7,2.23,0.32,1,0,0,0
MOOC10/14.65/25,MOOC10/14.65,17850225,4 stoven,4 stoven en 2 zandbalijs,oven,14,4,2.23,0.56,1,0,0,0
MOOC10/15.68/241,MOOC10/15.68,17880908,4 stoven,4 stoven,oven,15,4,2.23,0.56,0,0,0,0
MOOC10/8.55/554,MOOC10/8.55,17620504/17620506,10 stoven,10 stoven,oven,8,10,2.23,0.22,0,0,0,0
MOOC10/10.77/43,MOOC10/10.77,17730302,1 ijsere ovenraam,2 camers en 1 ijsere ovenraam,oven,10,1,3.23,3.23,1,0,0,0
MOOC10/11.41/366,MOOC10/11.41,17741219/17741222,6 vuurstooven,6 vuurstooven,oven,11,6,3.23,0.54,0,0,0,0
MOOC10/3.42/65,MOOC10/3.42,17230809,3 stooven,2 kopere tabaks doosen en 3 stooven,oven,3,3,0.27,0.09,1,0,0,0
MOOC10/3.75/59,MOOC10/3.75,17290228,2 stoven,2 stoven,oven,3,2,0.27,0.14,0,0,0,0
MOOC10/10.11/146,MOOC10/10.11,17680201,5 vuurstooven,5 vuurstooven,oven,10,5,0.27,0.05,0,0,0,0
MOOC10/10.21/483,MOOC10/10.21,17690109/17690110,4 stooven,4 stooven,oven,10,4,0.27,0.07,0,0,0,0
MOOC10/11.38/23,MOOC10/11.38,17760910,3 vuurstooven,3 vuurstooven,oven,11,3,0.27,0.09,0,0,0,0
MOOC10/14.6/35,MOOC10/14.6,17830613,2 stoven,"2 vaatjes, 1 capstok, 2 stoven en 2 planken",oven,14,2,0.27,0.14,1,0,0,0
MOOC10/14.7/463,MOOC10/14.7,17830526/17830527/17830529,3 vuurstoven,3 vuurstoven,oven,14,3,0.27,0.09,0,0,0,0
MOOC10/15.50/327,MOOC10/15.50,17870821/17870822,3 houte stooven,3 houte stooven,oven,15,3,0.27,0.09,0,0,0,0
MOOC10/15.112/39,MOOC10/15.112,17900416,4 stoven,4 stoven en 1 balie,oven,15,4,0.27,0.07,1,0,0,0
MOOC10/16.52/232,MOOC10/16.52,17911010/17911011,2 houte vuurstooven,2 houte vuurstooven,oven,16,2,0.27,0.14,0,0,0,0
MOOC10/19.27/355,MOOC10/19.27,18020115/18020116,2 stoven,2 stoven,oven,19,2,0.27,0.14,0,0,0,0
MOOC10/2.9/102,MOOC10/2.9,17190315,2 stooven,2 stooven,oven,2,2,0.27,0.14,0,0,0,0
MOOC10/2.9/103,MOOC10/2.9,17190315,2 stooven,2 stooven en 2 plankjes,oven,2,2,0.27,0.14,1,0,0,0
MOOC10/6.9/73,MOOC10/6.9,17520114,2 stooven,2 stooven,oven,6,2,0.27,0.14,0,0,0,0
MOOC10/6.20/353,MOOC10/6.20,17491021/17491022,4 stooven,4 stooven,oven,6,4,0.27,0.07,0,0,0,0
MOOC10/7.14_1/2/207,MOOC10/7.14_1/2,17560825,6 stooven,6 stooven,oven,7,6,0.27,0.05,0,0,0,0
MOOC10/8.59/33,MOOC10/8.59,17640402,2 stoven,2 stoven en 3 sacken,oven,8,2,0.27,0.14,1,0,0,0
MOOC10/9.52/7,MOOC10/9.52,17690516,3 vuurstooven,3 vuurstooven,oven,9,3,0.27,0.09,0,0,0,0
MOOC10/10.86/230,MOOC10/10.86,17721026/17721027,6 stooven,6 stooven,oven,10,6,1.27,0.21,0,0,0,0
MOOC10/11.5/749,MOOC10/11.5,17730329/17730330 17730401/17730402,2 ijsere stoven,"1 vogelcooij, 2 waaijers en 2 ijsere stoven",oven,11,2,1.27,0.64,1,0,0,0
MOOC10/12.48/3,MOOC10/12.48,17781207,6 vuurstoven,6 vuurstoven,oven,12,6,1.27,0.21,0,0,0,0
MOOC10/13.32/13,MOOC10/13.32,17810528,7 vuurstoven in zoort,7 vuurstoven in zoort,oven,13,7,1.27,0.18,0,0,0,0
MOOC10/13.36/326,MOOC10/13.36,17811211/17811212,4 vuurstoven,4 vuurstoven,oven,13,4,1.27,0.32,0,0,0,0
MOOC10/24.2/237,MOOC10/24.2,18090112/18090113,5 stooven,5 stooven,oven,24,5,1.27,0.25,0,0,0,0
MOOC10/6.65/13,MOOC10/6.65,17551107,6 stooven,6 stooven,oven,6,6,1.27,0.21,0,0,0,0
MOOC10/8.22/55,MOOC10/8.22,17591126,6 stooven,6 stooven,oven,8,6,1.27,0.21,0,0,0,0
MOOC10/9.44/112,MOOC10/9.44,17680530,4 vuurstoven,4 vuurstoven,oven,9,4,1.27,0.32,0,0,0,0
MOOC10/15.14/121,MOOC10/15.14,17860512/17860513,6 stoven,6 stoven,oven,15,6,2.27,0.38,0,0,0,0
MOOC10/15.92/130,MOOC10/15.92,17890929,6 vuur stoven,6 vuur stoven,oven,15,6,2.27,0.38,0,0,0,0
MOOC10/10.21/42,MOOC10/10.21,17690109/17690110,5 halfaam schooven,5 halfaam schooven met haar hoepels,oven,10,5,8.27,1.65,1,0,0,0
MOOC10/19.45/783,MOOC10/19.45,18020712,4 stoven,4 stoven,oven,19,4,12.27,3.07,0,0,0,0
MOOC10/3.74/53,MOOC10/3.74,17290309,1 stoof,"1 schilderij, 1 stoof en 1 waaijer",oven,3,1,1.0,1.0,1,0,0,0
MOOC10/10.51/13,MOOC10/10.51,17720330,1 stoof,1 stoof en 2 balijs,oven,10,1,1.0,1.0,1,0,0,0
MOOC10/10.54/56,MOOC10/10.54,17710924,1 vuurstoof,1 vuurstoof en 1 tinne coffijcan,oven,10,1,1.0,1.0,1,0,0,0
MOOC10/12.32/322,MOOC10/12.32,17761101,1 stoof,"1 snaphaans loop, 2 manden, 1 stoof en 1 can",oven,12,1,1.0,1.0,1,0,0,0
MOOC10/14.64/70,MOOC10/14.64,17850425,1 stoof,"1 stoof, 1 blicke trommel en wat rommeling",oven,14,1,1.0,1.0,1,0,0,0
MOOC10/15.42/112,MOOC10/15.42,17870824/17870825,1 vuur stoof,1 vuur stoof,oven,15,1,1.0,1.0,0,0,0,0
MOOC10/18.53/6,MOOC10/18.53,17981224,1 vuurstoof,1 vuurstoof en 1 sluijtmand,oven,18,1,1.0,1.0,1,0,0,0
MOOC10/19.4/20,MOOC10/19.4,18001004,1 stoof,"1 bank, 1 schepel en 1 stoof",oven,19,1,1.0,1.0,1,0,0,0
MOOC10/24.25/7,MOOC10/24.25,18100702,1 stoof,1 stoof,oven,24,1,1.0,1.0,0,0,0,0
MOOC10/26.39/170,MOOC10/26.39,18121208/18121209,1 stoof,1 stoof,oven,26,1,1.0,1.0,0,0,0,0
MOOC10/26.39/171,MOOC10/26.39,18121208/18121209,1 stoof,1 stoof,oven,26,1,1.0,1.0,0,0,0,0
MOOC10/7.23/127,MOOC10/7.23,17550627,4 stoove,4 stoove,oven,7,4,1.0,0.25,0,0,0,0
MOOC10/8.3/47,MOOC10/8.3,17570627,1 stooff,1 cop: oude coffican en 2 water emmers en 1 stooff,oven,8,1,1.0,1.0,1,0,0,0
MOOC10/17.11/78,MOOC10/17.11,17940926,1 stoof,1 stoof en 2 pare tesjes en 1 blikke trommel,oven,17,1,2.0,2.0,1,0,0,0
MOOC10/2.9/478,MOOC10/2.9,17190315,1 tinne bedstoof,1 tinne bedstoof en 2 schotels,oven,2,1,2.0,2.0,1,0,0,0
MOOC10/20.51/15,MOOC10/20.51,18041203/18041204,1 aarde stooff,1 aarde stooff en 1 pot,oven,20,1,2.0,2.0,1,0,0,0
MOOC10/5.68/148,MOOC10/5.68,17430418,1 oude bruijn stofjesrok,"1 oude rode rok, 1 oude rode camisool met goude passimenten, 1 oude rode broek, 1 oude bruijn stofjesrok, 1 oude swart lakense broek",oven,5,1,3.0,3.0,1,0,1,0
MOOC10/10.39/261,MOOC10/10.39,17710605,1 stoof,1 stoof,oven,10,1,3.0,3.0,0,0,0,0
MOOC10/23.58/5,MOOC10/23.58,18071121,1 stoof,"1 hoektafeltje, 1 stoof en 1 nagtspiegel",oven,23,1,3.0,3.0,1,0,0,0
MOOC10/9.60/54,MOOC10/9.60,17690501,1 copere vuurstoof,1 copere vuurstoof met zijn copere tesje,oven,9,1,3.0,3.0,1,0,0,0
MOOC10/14.56/76,MOOC10/14.56,17841111,1 vuurstoof,1 kerkstoel met desselfs kussen en 1 vuurstoof,oven,14,1,4.0,4.0,1,0,0,0
MOOC10/10.57/144,MOOC10/10.57,17720505,1 stofse sak,1 stofse sak en 1 tabelje,oven,10,1,6.0,6.0,1,0,0,0
MOOC10/13.36/25,MOOC10/13.36,17811211/17811212,1 stoofcasje,1 stoofcasje,oven,13,1,6.0,6.0,0,0,0,0
MOOC10/14.3/153,MOOC10/14.3,17830226,1 stoof,"1 wieg, 1 vuurmand en 1 stoof",oven,14,1,6.0,6.0,1,0,0,0
MOOC10/10.57/120,MOOC10/10.57,17720505,1 stofse rok,"1 stofse rok, 1 camisool en 1 broek",oven,10,1,13.0,13.0,1,0,0,0
MOOC10/6.24/600,MOOC10/6.24,17540114/17540116,1 suijgend slave jongetje gen:t christoffel,1 suijgend slave jongetje gen:t  christoffel,oven,6,1,25.0,25.0,0,0,0,0
MOOC10/16.31/440,MOOC10/16.31,17900920/17900923,1 slavejonge gen:t christoffel,1 slavejonge gen:t christoffel van de caab v:s,oven,16,1,301.0,301.0,1,0,0,0
MOOC10/26.39/288,MOOC10/26.39,18121208/18121209, haare 3 kinderen gen:d stoffel,1 meid gen:t dina van de kaap met haare 3 kinderen gen:d stoffel van de kaap  en meij van de kaap alle van de kaap v:s:silvia van de kaap,oven,26,,5530.0,-99,1,0,0,0
MOOC10/11.29/46,MOOC10/11.29,17741004,1 stoof,1 stoof,oven,11,1,0.04,0.04,0,0,0,0
MOOC10/13.25/15,MOOC10/13.25,17811116,1 houte stoov,1 houte stoov,oven,13,1,0.04,0.04,0,0,0,0
MOOC10/13.27/52,MOOC10/13.27,17810522,1 vuurstoof,1 vuurstoof,oven,13,1,0.04,0.04,0,0,0,0
MOOC10/16.25/23,MOOC10/16.25,17910328,1 houte vuurstoof,"1 boeke rak, 1 houte vuurstoof en 1 kap stok",oven,16,1,0.04,0.04,1,0,0,0
MOOC10/19.43/82,MOOC10/19.43,18030131,1 stoof,1 stoof,oven,19,1,0.04,0.04,0,0,0,0
MOOC10/21.14/231,MOOC10/21.14,18051120,1 stoof,1 stoof,oven,21,1,0.04,0.04,0,0,0,0
MOOC10/6.24/594,MOOC10/6.24,17540114/17540116,1 stoof,1 stoel en 1 stoof,oven,6,1,0.04,0.04,1,0,0,0
MOOC10/6.55/481,MOOC10/6.55,17551127/17551128,1 stoof,1 stoof en 3 balijs,oven,6,1,0.04,0.04,1,0,0,0
MOOC10/3.65/196,MOOC10/3.65,17240606,1 stoof,"1 bankje, 2 vuur tesjes en 1 stoof",oven,3,1,1.04,1.04,1,0,0,0
MOOC10/3.78/25,MOOC10/3.78,17280602,1 stoof,"1 kapstokjes, 1 stoof en 1 baletje",oven,3,1,1.04,1.04,1,0,0,0
MOOC10/5.22/349,MOOC10/5.22,17380428,1 stoof,"1 tinne waterpot,1 gueridon met 1 stoof en 1 coffijmolen",oven,5,1,1.04,1.04,1,0,0,0
MOOC10/12.21/28,MOOC10/12.21,17781022,1 stoof,1 tafel en 1 stoof,oven,12,1,1.04,1.04,1,0,0,0
MOOC10/13.45/1,MOOC10/13.45,17820612,1 stoof,"1 voogelkooij, 1 stoof, 1 stebelknegt en 1 bakje",oven,13,1,1.04,1.04,1,0,0,0
MOOC10/14.2/71,MOOC10/14.2,17830512,1 stoof,1 stoof,oven,14,1,1.04,1.04,0,0,0,0
MOOC10/18.15/37,MOOC10/18.15,17970708,1 stoof,"1 oud strijkijzer, 1 vuutestje en 1 stoof",oven,18,1,1.04,1.04,1,0,0,0
MOOC10/18.21/30,MOOC10/18.21,17940116,1 stoof,1 stoof,oven,18,1,1.04,1.04,0,0,0,0
MOOC10/18.41/26,MOOC10/18.41,17970814,1 stoof,1 stoof,oven,18,1,1.04,1.04,0,0,0,0
MOOC10/19.59/9,MOOC10/19.59,18010811,1 stoof,1 stoof,oven,19,1,1.04,1.04,0,0,0,0
MOOC10/20.6_1/2/540,MOOC10/20.6_1/2,18030620/18030621,1 vuur stooff,1 vuur stooff,oven,20,1,1.04,1.04,0,0,0,0
MOOC10/22.39/10,MOOC10/22.39,18041108,1 stoof,1 stoof,oven,22,1,1.04,1.04,0,0,0,0
MOOC10/15.30/4,MOOC10/15.30,17870322,1 stoof,1 stoof en 1 copere tesje,oven,15,1,2.04,2.04,1,0,0,0
MOOC10/20.5/7,MOOC10/20.5,18030526,3 stoofen,3 stoofen,oven,20,3,2.04,0.68,0,0,0,0
MOOC10/8.43/642,MOOC10/8.43,17611026/17611028,1 stoof,"1 pruijkebol, 1 vuurmand en 1 stoof",oven,8,1,2.04,2.04,1,0,0,0
MOOC10/18.54/176,MOOC10/18.54,17981025,1 stoof,1 stoel en 1 stoof,oven,18,1,3.04,3.04,1,0,0,0
MOOC10/18.56/276,MOOC10/18.56,17981129,1 stofe,1 stofe,oven,18,1,3.04,3.04,0,0,0,0
MOOC10/19.20/34,MOOC10/19.20,18010404,1 stooff,"7 schilderijtjes in zoort, 1 oude lantaarn en 1 stooff",oven,19,1,3.04,3.04,1,0,0,0
MOOC10/9.9/4,MOOC10/9.9,17660723,1 stoof,1 coffijmoolen en 1 stoof,oven,9,1,3.04,3.04,1,0,0,0
MOOC10/17.70/77,MOOC10/17.70,17980505,1 stoof,4 oude stoelen en 1 stoof,oven,17,1,4.04,4.04,1,0,0,0
MOOC10/4.123/5,MOOC10/4.123,17331102,1 kopere stoof,1 kopere stoof met 1 poffertjes pan,oven,4,1,5.04,5.04,1,0,0,0
MOOC10/2.26/117,MOOC10/2.26,17210115,1 stoof,1 stoof met wat rommeling,oven,2,1,1.06,1.06,1,0,0,0
MOOC10/3.37/27,MOOC10/3.37,17260215,1 stoof,1 stoof met 1 plank,oven,3,1,0.08,0.08,1,0,0,0
MOOC10/11.2/170,MOOC10/11.2,17730326,2 stoofen,2 stoofen,oven,11,2,0.08,0.04,0,0,0,0
MOOC10/14.66/18,MOOC10/14.66,17850810,1 stoof,1 stoof en 1 aarde pot,oven,14,1,0.08,0.08,1,0,0,0
MOOC10/16.48/77,MOOC10/16.48,17920613/17920614,1 stoof,1 stoof,oven,16,1,0.08,0.08,0,0,0,0
MOOC10/17.22/174,MOOC10/17.22,17950216,1 vuur stoof,1 vuur stoof,oven,17,1,0.08,0.08,0,0,0,0
MOOC10/18.75/21,MOOC10/18.75,18000419,1 stooff,1 stooff,oven,18,1,0.08,0.08,0,0,0,0
MOOC10/19.5/79,MOOC10/19.5,18000719,1 stoof,1 stoof,oven,19,1,0.08,0.08,0,0,0,0
MOOC10/19.56/123,MOOC10/19.56,18020622,1 vuur stoof,1 vuur stoof,oven,19,1,0.08,0.08,0,0,0,0
MOOC10/2.25/148,MOOC10/2.25,17210224,1 stoof,"1 stoel, een stoof en een koperketel",oven,2,1,0.08,0.08,1,0,0,0
MOOC10/21.42/41,MOOC10/21.42,[...]0429,1 stoof,1 stoof,oven,21,1,0.08,0.08,0,0,0,0
MOOC10/26.7/75,MOOC10/26.7,18121015,1 stoof,1 stoof en tesje,oven,26,1,0.08,0.08,1,0,0,0
MOOC10/6.53/102,MOOC10/6.53,17551013,2 stoove,2 stoove,oven,6,2,0.08,0.04,0,0,0,0
MOOC10/7.4/17,MOOC10/7.4,17550929,2 stoove,2 stoove,oven,7,2,0.08,0.04,0,0,0,0
MOOC10/7.10/7,MOOC10/7.10,17551022,1 stoof,"1 hackbord, 1 stoof en 1 mandje",oven,7,1,0.08,0.08,1,0,0,0
MOOC10/9.32/6,MOOC10/9.32,17671012,1 stoof,1 parthij oude stoelen en 1 stoof,oven,9,1,0.08,0.08,1,0,0,0
MOOC10/12.3/97,MOOC10/12.3,17761113,1 kerkstoof,1 guerridon en 1 kerkstoof,oven,12,1,1.08,1.08,1,0,0,0
MOOC10/13.34/8,MOOC10/13.34,17810724,1 stoof,"1 ankertje, 1 tabaksdoos, 1 stoof en 1 casje",oven,13,1,1.08,1.08,1,0,0,0
MOOC10/19.43/83,MOOC10/19.43,18030131,1 stoof,1 stoof,oven,19,1,1.08,1.08,0,0,0,0
MOOC10/23.27/90,MOOC10/23.27,18081208,1 stoof,1 lantaarn en 1 stoof,oven,23,1,1.08,1.08,1,0,0,0
MOOC10/23.41/302,MOOC10/23.41,18080614,1 stoof,1 stoof,oven,23,1,1.08,1.08,0,0,0,0
MOOC10/26.39/174,MOOC10/26.39,18121208/18121209,1 stoof,1 stoof,oven,26,1,1.08,1.08,0,0,0,0
MOOC10/7.11/446,MOOC10/7.11,17551118/17551119,6 stoove,6 stoove,oven,7,6,1.08,0.18,0,0,0,0
MOOC10/7.23/126,MOOC10/7.23,17550627,4 stoove,4 stoove,oven,7,4,1.08,0.27,0,0,0,0
MOOC10/10.31/21,MOOC10/10.31,17701112,1 stofse camisool,1 stofse camisool met 12 silvere knopen,oven,10,1,2.08,2.08,1,0,0,0
MOOC10/13.36/501,MOOC10/13.36,17811211/17811212,1 stoof,4 stoelen en 1 stoof,oven,13,1,2.08,2.08,1,0,0,0
MOOC10/19.27/396,MOOC10/19.27,18020115/18020116,1 stoof,2 stoelen en 1 stoof,oven,19,1,2.08,2.08,1,0,0,0
MOOC10/10.57/145,MOOC10/10.57,17720505,1 stofse sak,1 stofse sak en 1 tabelje,oven,10,1,8.08,8.08,1,0,0,0
MOOC10/6.8/176,MOOC10/6.8,17500930/17501001,1 slave jonge gen:t christoffel,1 slave jonge gen:t  christoffel van rio de la goa,oven,6,1,208.08,208.08,1,0,0,0
MOOC10/18.78/688,MOOC10/18.78,"18000626/18000628, 18000703/18000704",1 slave jonge gen:t christoffel,1 slave jonge gen:t christoffel van de caab coetzier voetstoots,oven,18,1,710.08,710.08,1,0,0,0
MOOC10/5.25/142,MOOC10/5.25,17391104,1 stoof,1 vierkante tafeltje en 1 stoof,oven,5,1,0.12,0.12,1,0,0,0
MOOC10/10.6/91,MOOC10/10.6,17700319,1 vuurstoof,1 vuurstoof,oven,10,1,0.12,0.12,0,0,0,0
MOOC10/10.81/447,MOOC10/10.81,17730308/17730311,1 tinn: stoof,1 tinn: stoof,oven,10,1,0.12,0.12,0,0,0,0
MOOC10/13.16/30,MOOC10/13.16,17810516,1 stoof,2 aarde potjes en 1 stoof,oven,13,1,0.12,0.12,1,0,0,0
MOOC10/15.38/14,MOOC10/15.38,17870504,1 houte stoof,1 houte stoof en 1 parthij romm:g,oven,15,1,0.12,0.12,1,0,0,0
MOOC10/18.77/9,MOOC10/18.77,18000614,1 stoof,1 stoof met 1 bank,oven,18,1,0.12,0.12,1,0,0,0
MOOC10/19.44/31,MOOC10/19.44,18011112,1 stooff,1 stooff,oven,19,1,0.12,0.12,0,0,0,0
MOOC10/21.12/65,MOOC10/21.12,18051025,1 stoof,1 stoof,oven,21,1,0.12,0.12,0,0,0,0
MOOC10/26.34/34,MOOC10/26.34,18130227,1 stoof,1 stoof,oven,26,1,0.12,0.12,0,0,0,0
MOOC10/7.3/74,MOOC10/7.3,17560908,2 stoove,1 pijperack en 2 stoove,oven,7,2,0.12,0.06,1,0,0,0
MOOC10/7.11/700,MOOC10/7.11,17551118/17551119,4 stoove,4 stoove,oven,7,4,0.12,0.03,0,0,0,0
MOOC10/7.28/110,MOOC10/7.28,17551028,1 stoove,1 stoove,oven,7,1,0.12,0.12,0,0,0,0
MOOC10/8.50/152,MOOC10/8.50,17640227,1 vuurstoof,1 vuurstoof met sijn test,oven,8,1,0.12,0.12,1,0,0,0
MOOC10/11.2/171,MOOC10/11.2,17730326,2 stoofen,2 stoofen,oven,11,2,1.12,0.56,0,0,0,0
MOOC10/13.3/30,MOOC10/13.3,17790430,1 stoof,een stoof en tessie,oven,13,1,1.12,1.12,1,0,0,0
MOOC10/15.18/10,MOOC10/15.18,17860627,1 stoof,"1 waterpot, 3 bakjes, 1 stoof en 1 tinne schotel",oven,15,1,1.12,1.12,1,0,0,0
MOOC10/15.51/224,MOOC10/15.51,17871026,1 stoof,1 stoof en 1 inkkoker,oven,15,1,1.12,1.12,1,0,0,0
MOOC10/22.27/81,MOOC10/22.27,18070321,2 stoove,2 stoove,oven,22,2,1.12,0.56,0,0,0,0
MOOC10/26.39/175,MOOC10/26.39,18121208/18121209,1 stoof,1 stoof,oven,26,1,1.12,1.12,0,0,0,0
MOOC10/6.8/216,MOOC10/6.8,17500930/17501001,1 stoof,1 tafel met een stoof,oven,6,1,1.12,1.12,1,0,0,0
MOOC10/3.62/137,MOOC10/3.62,17250205,1 stoof,1 ronde met 1 vierkante tafel en 1 stoof,oven,3,1,2.12,2.12,1,0,0,0
MOOC10/15.92/133,MOOC10/15.92,17890929,1 cop: voet stoof,1 cop: voet stoof,oven,15,1,2.12,2.12,0,0,0,0
MOOC10/20.41/490,MOOC10/20.41,18041001/18041004,1 thee stoof,1 thee stoof met 1 ketel,oven,20,1,2.12,2.12,1,0,0,0
MOOC10/23.15/92,MOOC10/23.15,18071223,1 stoof,1 emmer en 1 stoof,oven,23,1,2.12,2.12,1,0,0,0
MOOC10/17.17/3,MOOC10/17.17,17940301,1 blikke theestoof,1 blikke theestoof met zijn comfoir,oven,17,1,3.12,3.12,1,0,0,0
MOOC10/10.57/178,MOOC10/10.57,17720505,1 vuurstoof,1 vuurstoof,oven,10,1,0.15,0.15,0,0,0,0
MOOC10/10.81/948,MOOC10/10.81,17730308/17730311,4 stoove,4 stoove,oven,10,4,0.15,0.04,0,0,0,0
MOOC10/10.82/91,MOOC10/10.82,17730227,1 stoof,1 kelder met wat schilders gereedschap en 1 stoof,oven,10,1,0.15,0.15,1,0,0,0
MOOC10/10.84/33,MOOC10/10.84,17720914,1 stoof,"1 vaatje, 1 doosje en 1 stoof",oven,10,1,0.15,0.15,1,0,0,0
MOOC10/12.38/41,MOOC10/12.38,17790816/17790817,1 kerkstoof,1 kerkstoof,oven,12,1,0.15,0.15,0,0,0,0
MOOC10/12.40/195,MOOC10/12.40,17790909,1 stoof,2 zeeften en 1 stoof,oven,12,1,0.15,0.15,1,0,0,0
MOOC10/12.46/21,MOOC10/12.46,17800117,1 vuurstoof,1 cop: ketel en 1 vuurstoof,oven,12,1,0.15,0.15,1,0,0,0
MOOC10/15.59/56,MOOC10/15.59,178YYYYY,1 stoof,1 stoof,oven,15,1,0.15,0.15,0,0,0,0
MOOC10/15.74/189,MOOC10/15.74,17881103/17881104,1 houte stoof,1 kapstok en 1 houte stoof,oven,15,1,0.15,0.15,1,0,0,0
MOOC10/16.54/26,MOOC10/16.54,17920109,1 stoof,"1 stoof, 1 mand en wat koffiebonen",oven,16,1,0.15,0.15,1,0,0,0
MOOC10/17.4/79,MOOC10/17.4,17931112, stoof,1 hoedekast en stoof,oven,17,,0.15,-99,1,0,0,0
MOOC10/19.17/5,MOOC10/19.17,18001220,1 stooff,1 stooff,oven,19,1,0.15,0.15,0,0,0,0
MOOC10/19.66/251,MOOC10/19.66,18020127/18020128, stoof,1 oude kist en stoof,oven,19,,0.15,-99,1,0,0,0
MOOC10/21.19/13,MOOC10/21.19,18050312,1 stoof,1 stoof en 4 bottels,oven,21,1,0.15,0.15,1,0,0,0
MOOC10/23.17/65,MOOC10/23.17,18071112,1 stoof,1 stoof en tesje,oven,23,1,0.15,0.15,1,0,0,0
MOOC10/23.46/90,MOOC10/23.46,18081110,2 stoofen,2 stoofen,oven,23,2,0.15,0.07,0,0,0,0
MOOC10/7.28/109,MOOC10/7.28,17551028,4 stoove,4 stoove,oven,7,4,0.15,0.04,0,0,0,0
MOOC10/9.57/223,MOOC10/9.57,17660818,1 stoof,1 stoof,oven,9,1,0.15,0.15,0,0,0,0
MOOC10/13.62/1,MOOC10/13.62,17821018,1 vuurstooff,1 vuurmand en 1 vuurstooff,oven,13,1,1.15,1.15,1,0,0,0
MOOC10/15.2/65,MOOC10/15.2,17850420,1 stoof,1 stoof,oven,15,1,1.15,1.15,0,0,0,0
MOOC10/15.18/12,MOOC10/15.18,17860627,1 stoof,"1 vaatje, 1 waterpot en 1 stoof",oven,15,1,1.15,1.15,1,0,0,0
MOOC10/17.33/126,MOOC10/17.33,17950302,1 stoof,1 kist en 1 stoof,oven,17,1,1.15,1.15,1,0,0,0
MOOC10/26.39/173,MOOC10/26.39,18121208/18121209,1 stoof,1 stoof,oven,26,1,1.15,1.15,0,0,0,0
MOOC10/7.28/342,MOOC10/7.28,17551028,5 stoove,5 stoove en 2 stoele,oven,7,5,1.15,0.23,1,0,0,0
MOOC10/12.27/95,MOOC10/12.27,"17790512, 17790514",1 cop: stoof,1 cop: stoof,oven,12,1,2.15,2.15,0,0,0,0
MOOC10/20.19/98,MOOC10/20.19,18040723,1 stoof,1 schenateke stael en 1 stoof,oven,20,1,2.15,2.15,1,0,0,0
MOOC10/6.60/42,MOOC10/6.60,17561026, stoove,1 partij spuugbalijs en stoove,oven,6,,2.15,-99,1,0,0,0
MOOC10/3.38/156,MOOC10/3.38,17220624,1 stoov,"4 water emmers, 1 kustje en een stoov",oven,3,1,3.15,3.15,1,0,0,0
MOOC10/10.62/180,MOOC10/10.62,17721214,1 stoof,9 stoelen en 1 stoof,oven,10,1,6.15,6.15,1,0,0,0
MOOC10/11.5/913,MOOC10/11.5,17730329/17730330 17730401/17730402,1 theestoof,1 theestoof,oven,11,1,7.15,7.15,0,0,0,0
MOOC10/20.41/436,MOOC10/20.41,18041001/18041004,1 thee stoof,1 thee stoof,oven,20,1,10.15,10.15,0,0,0,0
MOOC10/2.29/169,MOOC10/2.29,17210110,1 houte stoof,1 houte stoof,oven,2,1,0.17,0.17,0,0,0,0
MOOC10/5.45/21,MOOC10/5.45,17440909,1 stoof,1 stoel en 1 stoof,oven,5,1,0.19,0.19,1,0,0,0
MOOC10/5.76/280,MOOC10/5.76,17470410,1 stoof,"2 banken, 1 stoof en 1 ladder",oven,5,1,0.19,0.19,1,0,0,0
MOOC10/10.[not_numbered]/91,MOOC10/10.[not_numbered],0,1 vuer stoof,1 vuer stoof met sijn tessie,oven,10,1,0.19,0.19,1,0,0,0
MOOC10/10.[not_numbered]/91,MOOC10/10.[not_numbered],17701215,1 vuer stoof,1 vuer stoof met sijn tessie,oven,10,1,0.19,0.19,1,0,0,0
MOOC10/10.[not_numbered]/91,MOOC10/10.[not_numbered],17710508,1 vuer stoof,1 vuer stoof met sijn tessie,oven,10,1,0.19,0.19,1,0,0,0
MOOC10/10.54/55,MOOC10/10.54,17710924,1 vuurstoof,1 vuurstoof en 1 tesje,oven,10,1,0.19,0.19,1,0,0,0
MOOC10/10.81/949,MOOC10/10.81,17730308/17730311,3 stoove,3 stoove,oven,10,3,0.19,0.06,0,0,0,0
MOOC10/12.29/148,MOOC10/12.29,17790526,2 vuurstove,2 vuurstove en 3 zandbalijs,oven,12,2,0.19,0.1,1,0,0,0
MOOC10/14.10/63,MOOC10/14.10,17830519/17830510/17830521,1 ijzere stoof,1 ijzere stoof,oven,14,1,0.19,0.19,0,0,0,0
MOOC10/14.10/73,MOOC10/14.10,17830519/17830510/17830521,1 ijzere stoof,1 ijzere stoof,oven,14,1,0.19,0.19,0,0,0,0
MOOC10/16.37/53,MOOC10/16.37,17940125,1 theestoof,1 theestoof met zijn kooper comfoir en cooper keetel,oven,16,1,0.19,0.19,1,0,0,0
MOOC10/21.26/30,MOOC10/21.26,18041220,1 stoof,1 stoof,oven,21,1,0.19,0.19,0,0,0,0
MOOC10/24.30/12,MOOC10/24.30,18090420,1 stoof,1 stoof en test en schuifdoosje,oven,24,1,0.19,0.19,1,0,0,0
MOOC10/26.6/99,MOOC10/26.6,18120720,1 stoof,1 stoof,oven,26,1,0.19,0.19,0,0,0,0
MOOC10/26.27/15,MOOC10/26.27,18120820,1 stoof,1 stoof,oven,26,1,0.19,0.19,0,0,0,0
MOOC10/6.52/577,MOOC10/6.52,"17540522, 17540524/17540525",4 stoove,4 stoove,oven,6,4,0.19,0.05,0,0,0,0
MOOC10/6.60/251,MOOC10/6.60,17561026,2 stoove,2 stoove en 1 stoel kussen,oven,6,2,0.19,0.1,1,0,0,0
MOOC10/6.63/377,MOOC10/6.63,17550927,8 stoove,8 stoove,oven,6,8,0.19,0.02,0,0,0,0
MOOC10/7.7/1,MOOC10/7.7,17551001,5 stoove,5 chiambreele en 5 stoove,oven,7,5,0.19,0.04,1,0,0,0
MOOC10/7.33/79,MOOC10/7.33,17561012,1 stoof,1 stoof met 1 partij porc:l,oven,7,1,0.19,0.19,1,0,0,0
MOOC10/9.37/130,MOOC10/9.37,17670914,1 stoof,"1 coffijmoolen, 1 schuijfdoos en 1 stoof",oven,9,1,0.19,0.19,1,0,0,0
MOOC10/9.46/6,MOOC10/9.46,17680926,1 stoof,"1 stoof, 1 cop:e rasp en 1 bennetje",oven,9,1,0.19,0.19,1,0,0,0
MOOC10/9.50/5,MOOC10/9.50,17680917,1 stoof,"1 hackebord, 1 kapmes en 1 stoof",oven,9,1,0.19,0.19,1,0,0,0
MOOC10/7.11/447,MOOC10/7.11,17551118/17551119,7 stoove,7 stoove,oven,7,7,1.19,0.17,0,0,0,0
MOOC10/7.24/27,MOOC10/7.24,17550811,3 stoove,2 stoele en 3 stoove,oven,7,3,1.19,0.4,1,0,0,0
MOOC10/7.35/21,MOOC10/7.35,17551105,4 stoove,4 stoove en 4 spuugbalijs,oven,7,4,1.19,0.3,1,0,0,0
MOOC10/8.2/563,MOOC10/8.2,17551104/17551106,11 stoove,11 stoove en wat romm:g,oven,8,11,1.19,0.11,1,0,0,0
MOOC10/8.39/24,MOOC10/8.39,17630303,1 beslaage stoof,1 beslaage stoof,oven,8,1,1.19,1.19,0,0,0,0
MOOC10/4.132/10,MOOC10/4.132,17360507,1 stoof,1 halfaam met wat zout en 1 stoof,oven,4,1,2.19,2.19,1,0,0,0
MOOC10/5.13/54,MOOC10/5.13,17380714,1 kopere vuurstoof,1 kopere vuurstoof en 1 kopere asschop,oven,5,1,2.19,2.19,1,0,0,0
MOOC10/17.13/31,MOOC10/17.13,17940605/17940606,1 tee stoof,1 tee stoof,oven,17,1,3.19,3.19,0,0,0,0
MOOC10/18.54/173,MOOC10/18.54,17981025,1 stoof,2 stoelen en 1 stoof,oven,18,1,3.19,3.19,1,0,0,0
MOOC10/8.43/135,MOOC10/8.43,17611026/17611028,1 cop:e stoof,1 cop:e stoof en 1 ijsere stoof,oven,8,1,3.19,3.19,1,0,0,0
MOOC10/26.44/194,MOOC10/26.44,18110828/18110829,1 stoof,1 stoof en tesje,oven,26,1,4.19,4.19,1,0,0,0
MOOC10/5.60/134,MOOC10/5.60,17411005,1 stoof,1 kisje met 1 stoof en 1 coper lepel,oven,5,1,0.23,0.23,1,0,0,0
MOOC10/10.20/160,MOOC10/10.20,17681227,1 vuurstoof,1 vuurstoof en wat zijlgaaren,oven,10,1,0.23,0.23,1,0,0,0
MOOC10/10.81/947,MOOC10/10.81,17730308/17730311,4 stoove,4 stoove,oven,10,4,0.23,0.06,0,0,0,0
MOOC10/11.40/141,MOOC10/11.40,17750513,1 stoof,een stoof en een tessi,oven,11,1,0.23,0.23,1,0,0,0
MOOC10/12.14/94,MOOC10/12.14,17780221,1 stoof,1 tinne waterpot en 1 stoof,oven,12,1,0.23,0.23,1,0,0,0
MOOC10/12.38/42,MOOC10/12.38,17790816/17790817,1 kerkstoof,1 kerkstoof en 1 ronde tabaksdoos,oven,12,1,0.23,0.23,1,0,0,0
MOOC10/12.40/249,MOOC10/12.40,17790909,1 oude stoof,"1 cadel, 1 matje en 1 oude stoof",oven,12,1,0.23,0.23,1,0,1,0
MOOC10/16.15/26,MOOC10/16.15,17910829,1 stoof,1 stoof,oven,16,1,0.23,0.23,0,0,0,0
MOOC10/16.47/380,MOOC10/16.47,17931004/17931005/17931007,1 ijsere stoof,1 ijsere stoof,oven,16,1,0.23,0.23,0,0,0,0
MOOC10/18.20/12,MOOC10/18.20,17900128,1 stoof,1 koffe mool en een stoof,oven,18,1,0.23,0.23,1,0,0,0
MOOC10/19.25/7,MOOC10/19.25,18000515,1 oud stoof,1 oud stoof met zijn tes,oven,19,1,0.23,0.23,1,0,1,0
MOOC10/19.30/172,MOOC10/19.30,18020308/18020309,1 stooff,1 stooff,oven,19,1,0.23,0.23,0,0,0,0
MOOC10/26.39/172,MOOC10/26.39,18121208/18121209,1 stoof,1 stoof,oven,26,1,0.23,0.23,0,0,0,0
MOOC10/7.36/20,MOOC10/7.36,17560513,2 stoove,2 stoove en 1 aardepot,oven,7,2,0.23,0.12,1,0,0,0
MOOC10/8.20/17,MOOC10/8.20,17551015,5 stoove,5 stoove,oven,8,5,0.23,0.05,0,0,0,0
MOOC10/8.55/89,MOOC10/8.55,17620504/17620506,1 stoof,1 kelder en 1 stoof,oven,8,1,0.23,0.23,1,0,0,0
MOOC10/10.81/14,MOOC10/10.81,17730308/17730311,1 vuurstoof,1 vuurstoof en 1 haspel,oven,10,1,1.23,1.23,1,0,0,0
MOOC10/11.56/51,MOOC10/11.56,17770517,1 cop: vuurstoof,1 cop: vuurstoof,oven,11,1,1.23,1.23,0,0,0,0
MOOC10/13.22/174,MOOC10/13.22,17810420,1 stoof,"1 geelhoute plank, 1 emmer en 1 stoof",oven,13,1,1.23,1.23,1,0,0,0
MOOC10/23.41/303,MOOC10/23.41,18080614,1 stoof,1 stoof,oven,23,1,1.23,1.23,0,0,0,0
MOOC10/6.52/576,MOOC10/6.52,"17540522, 17540524/17540525",6 stoove,6 stoove,oven,6,6,1.23,0.2,0,0,0,0
MOOC10/9.15/414,MOOC10/9.15,17640717/17640720,1 ijsere vuurstoof,1 ijsere vuurstoof,oven,9,1,1.23,1.23,0,0,0,0
MOOC10/19.66/196,MOOC10/19.66,18020127/18020128,1 stoof,1 stoelen en 1 stoof,oven,19,1,3.23,3.23,1,0,0,0
MOOC10/4.115/31,MOOC10/4.115,17340728,1 stoof,1 stoof en 2 theebacken,oven,4,1,0.27,0.27,1,0,0,0
MOOC10/19.27/401,MOOC10/19.27,18020115/18020116,2 stove,1 hakbord en 2 stove,oven,19,2,0.27,0.14,1,0,0,0
MOOC10/2.34/74,MOOC10/2.34,17211128,3 stove,"1 tiktak bord, 3 stove met wat rommeling",oven,2,3,0.27,0.09,1,0,0,0
MOOC10/2.36/177,MOOC10/2.36,17210818,1 stooff,4 ijsere gordijn roeijen met een stooff,oven,2,1,0.27,0.27,1,0,0,0
MOOC10/26.47/5,MOOC10/26.47,18121114, stoof,1 oude ankervaatje en stoof,oven,26,,0.27,-99,1,0,0,0
MOOC10/6.24/550,MOOC10/6.24,17540114/17540116,2 stoove,"2 stoove, 1 caarsbak en 1 hakbord",oven,6,2,0.27,0.14,1,0,0,0
MOOC10/7.25/25,MOOC10/7.25,17551020,2 stoove,2 stoove en 1 partij bottl:s,oven,7,2,0.27,0.14,1,0,0,0
MOOC10/9.14/284,MOOC10/9.14,17651104/17651105,1 stoof,1 blikken trommel en een stoof,oven,9,1,0.27,0.27,1,0,0,0
MOOC10/11.12/357,MOOC10/11.12,17740829/17740830,1 stooff,1 stooff,oven,11,1,1.27,1.27,0,0,0,0
MOOC10/23.46/89,MOOC10/23.46,18081110,1 stoof,1 stoof,oven,23,1,1.27,1.27,0,0,0,0
MOOC10/7.34/5,MOOC10/7.34,17551105,8 stoove,8 stoove,oven,7,8,1.27,0.16,0,0,0,0
MOOC10/7.43/190,MOOC10/7.43,17551227,7 stoove,7 stoove,oven,7,7,1.27,0.18,0,0,0,0
MOOC10/17.8_1/2/2,MOOC10/17.8_1/2,17940605/17940606,1 stoof,1 strijk ijzer en 1 stoof,oven,17,1,2.27,2.27,1,0,0,0
MOOC10/6.57_1/2/1426,MOOC10/6.57_1/2,"17551030/17551031, 17551101",13 stoove,13 stoove,oven,6,13,2.27,0.17,0,0,0,0
MOOC10/20.33/191,MOOC10/20.33,18031217, stoof,1 boterbak en stoof,oven,20,,3.27,-99,1,0,0,0
MOOC10/23.26/29,MOOC10/23.26,18070518,1 stoof,1 stoof,oven,23,1,2.92,2.92,0,0,0,0
MOOC10/20.33/205,MOOC10/20.33,18031217,1 stoof,1 gemakstoel en 1 stoof,oven,20,1,1.0,1.0,1,0,0,0
MOOC10/12.27/160,MOOC10/12.27,"17790512, 17790514",1 slave jonge gen:t christoffel,1 slave jonge gen:t christoffel van de caab  voetstoots,oven,12,1,199.0,199.0,1,0,0,0
